Workbook

Sheet Meetings (MOM)
A1: MOM ID | B1: Meeting Date | C1: Branch / Location | D1: Meeting Title / Subject | E1: Meeting Type | F1: Venue / Mode | G1: Start Time | H1: End Time | I1: Meeting Lead By | J1: MOM Prepared By | K1: Attendees Present | L1: Absent / Regrets | M1: Agenda Points | N1: Discussion Summary | O1: Key Decisions Taken | P1: Next Meeting Date | Q1: Total Tasks | R1: Completed | S1: Pending | T1: Overdue | U1: Completion %
A2: MOM-678 | B2: 46274.438 | C2: Conference Room 1 / Google Meet | D2: Product Architecture & Sprint 4 Review | E2: Project Review | F2: Conference Room 1 / Google Meet | G2: 04:00 PM | H2: 05:00 PM | I2: Harmish (Lead) | J2: MOM Assistant | K2: Harmish (Lead), Priya Patel (Frontend), Amit Shah (Backend), Rahul Mehta (QA) | M2: 1. Sprint 4 deliverables review 2. Corporate Excel template integration for MOM export 3. Action item assignment and deadlines 4. Next release schedule | N2: The team conducted a comprehensive sprint review focusing on backend services, document generation features, and multi-language translations. The Excel (.xlsx) export functionality based on the standard corporate template was finalized and integrated. | O2: Approved adoption of the corporate Excel format as the standard spreadsheet export format.; Agreed on weekly automated task reminder workflow. | P2: 46281 | Q2: =IF($A2="","",COUNTIFS(Tasks!$B$2:$B$501,$A2)) -> 3 | R2: =IF($A2="","",COUNTIFS(Tasks!$B$2:$B$501,$A2,Tasks!$L$2:$L$501,"Completed")) -> 1 | S2: =IF($A2="","",$Q2-$R2) -> 2 | T2: =IF($A2="","",SUMIFS(Tasks!$T$2:$T$501,Tasks!$B$2:$B$501,$A2)) -> 0 | U2: =IF($A2="","",IF($Q2=0,"",$R2/$Q2)) -> 0.33333333
Q3: =IF($A3="","",COUNTIFS(Tasks!$B$2:$B$501,$A3)) | R3: =IF($A3="","",COUNTIFS(Tasks!$B$2:$B$501,$A3,Tasks!$L$2:$L$501,"Completed")) | S3: =IF($A3="","",$Q3-$R3) | T3: =IF($A3="","",SUMIFS(Tasks!$T$2:$T$501,Tasks!$B$2:$B$501,$A3)) | U3: =IF($A3="","",IF($Q3=0,"",$R3/$Q3))
Q4: =IF($A4="","",COUNTIFS(Tasks!$B$2:$B$501,$A4)) | R4: =IF($A4="","",COUNTIFS(Tasks!$B$2:$B$501,$A4,Tasks!$L$2:$L$501,"Completed")) | S4: =IF($A4="","",$Q4-$R4) | T4: =IF($A4="","",SUMIFS(Tasks!$T$2:$T$501,Tasks!$B$2:$B$501,$A4)) | U4: =IF($A4="","",IF($Q4=0,"",$R4/$Q4))
Q5: =IF($A5="","",COUNTIFS(Tasks!$B$2:$B$501,$A5)) | R5: =IF($A5="","",COUNTIFS(Tasks!$B$2:$B$501,$A5,Tasks!$L$2:$L$501,"Completed")) | S5: =IF($A5="","",$Q5-$R5) | T5: =IF($A5="","",SUMIFS(Tasks!$T$2:$T$501,Tasks!$B$2:$B$501,$A5)) | U5: =IF($A5="","",IF($Q5=0,"",$R5/$Q5))
Q6: =IF($A6="","",COUNTIFS(Tasks!$B$2:$B$501,$A6)) | R6: =IF($A6="","",COUNTIFS(Tasks!$B$2:$B$501,$A6,Tasks!$L$2:$L$501,"Completed")) | S6: =IF($A6="","",$Q6-$R6) | T6: =IF($A6="","",SUMIFS(Tasks!$T$2:$T$501,Tasks!$B$2:$B$501,$A6)) | U6: =IF($A6="","",IF($Q6=0,"",$R6/$Q6))
Q7: =IF($A7="","",COUNTIFS(Tasks!$B$2:$B$501,$A7)) | R7: =IF($A7="","",COUNTIFS(Tasks!$B$2:$B$501,$A7,Tasks!$L$2:$L$501,"Completed")) | S7: =IF($A7="","",$Q7-$R7) | T7: =IF($A7="","",SUMIFS(Tasks!$T$2:$T$501,Tasks!$B$2:$B$501,$A7)) | U7: =IF($A7="","",IF($Q7=0,"",$R7/$Q7))
Q8: =IF($A8="","",COUNTIFS(Tasks!$B$2:$B$501,$A8)) | R8: =IF($A8="","",COUNTIFS(Tasks!$B$2:$B$501,$A8,Tasks!$L$2:$L$501,"Completed")) | S8: =IF($A8="","",$Q8-$R8) | T8: =IF($A8="","",SUMIFS(Tasks!$T$2:$T$501,Tasks!$B$2:$B$501,$A8)) | U8: =IF($A8="","",IF($Q8=0,"",$R8/$Q8))
Q9: =IF($A9="","",COUNTIFS(Tasks!$B$2:$B$501,$A9)) | R9: =IF($A9="","",COUNTIFS(Tasks!$B$2:$B$501,$A9,Tasks!$L$2:$L$501,"Completed")) | S9: =IF($A9="","",$Q9-$R9) | T9: =IF($A9="","",SUMIFS(Tasks!$T$2:$T$501,Tasks!$B$2:$B$501,$A9)) | U9: =IF($A9="","",IF($Q9=0,"",$R9/$Q9))
Q10: =IF($A10="","",COUNTIFS(Tasks!$B$2:$B$501,$A10)) | R10: =IF($A10="","",COUNTIFS(Tasks!$B$2:$B$501,$A10,Tasks!$L$2:$L$501,"Completed")) | S10: =IF($A10="","",$Q10-$R10) | T10: =IF($A10="","",SUMIFS(Tasks!$T$2:$T$501,Tasks!$B$2:$B$501,$A10)) | U10: =IF($A10="","",IF($Q10=0,"",$R10/$Q10))
Q11: =IF($A11="","",COUNTIFS(Tasks!$B$2:$B$501,$A11)) | R11: =IF($A11="","",COUNTIFS(Tasks!$B$2:$B$501,$A11,Tasks!$L$2:$L$501,"Completed")) | S11: =IF($A11="","",$Q11-$R11) | T11: =IF($A11="","",SUMIFS(Tasks!$T$2:$T$501,Tasks!$B$2:$B$501,$A11)) | U11: =IF($A11="","",IF($Q11=0,"",$R11/$Q11))
Q12: =IF($A12="","",COUNTIFS(Tasks!$B$2:$B$501,$A12)) | R12: =IF($A12="","",COUNTIFS(Tasks!$B$2:$B$501,$A12,Tasks!$L$2:$L$501,"Completed")) | S12: =IF($A12="","",$Q12-$R12) | T12: =IF($A12="","",SUMIFS(Tasks!$T$2:$T$501,Tasks!$B$2:$B$501,$A12)) | U12: =IF($A12="","",IF($Q12=0,"",$R12/$Q12))
Q13: =IF($A13="","",COUNTIFS(Tasks!$B$2:$B$501,$A13)) | R13: =IF($A13="","",COUNTIFS(Tasks!$B$2:$B$501,$A13,Tasks!$L$2:$L$501,"Completed")) | S13: =IF($A13="","",$Q13-$R13) | T13: =IF($A13="","",SUMIFS(Tasks!$T$2:$T$501,Tasks!$B$2:$B$501,$A13)) | U13: =IF($A13="","",IF($Q13=0,"",$R13/$Q13))
Q14: =IF($A14="","",COUNTIFS(Tasks!$B$2:$B$501,$A14)) | R14: =IF($A14="","",COUNTIFS(Tasks!$B$2:$B$501,$A14,Tasks!$L$2:$L$501,"Completed")) | S14: =IF($A14="","",$Q14-$R14) | T14: =IF($A14="","",SUMIFS(Tasks!$T$2:$T$501,Tasks!$B$2:$B$501,$A14)) | U14: =IF($A14="","",IF($Q14=0,"",$R14/$Q14))
... Q201: =IF($A201="","",COUNTIFS(Tasks!$B$2:$B$501,$A201)) | R201: =IF($A201="","",COUNTIFS(Tasks!$B$2:$B$501,$A201,Tasks!$L$2:$L$501,"Completed")) | S201: =IF($A201="","",$Q201-$R201) | T201: =IF($A201="","",SUMIFS(Tasks!$T$2:$T$501,Tasks!$B$2:$B$501,$A201)) | U201: =IF($A201="","",IF($Q201=0,"",$R201/$Q201))

Sheet Tasks
A1: Task ID | B1: MOM ID | C1: Meeting Date | D1: Branch | E1: Task / Action Point | F1: Responsible Person | G1: Following Person | H1: Priority | I1: Assigned Date | J1: Target Deadline | K1: Revised Deadline | L1: Status | M1: % Complete | N1: Completion Date | O1: Days Overdue (+) / Left (-) | P1: Delay Reason | Q1: Reminder Action | R1: Remarks | S1: Key (system) | T1: Overdue Flag (system)
A2: T-001 | B2: MOM-678 | C2: =IF($B2="","",IFERROR(INDEX('Meetings (MOM)'!$B$2:$B$201,MATCH($B2,'Meetings (MOM)'!$A$2:$A$201,0)),"")) -> 46266 | D2: =IF($B2="","",IFERROR(INDEX('Meetings (MOM)'!$C$2:$C$201,MATCH($B2,'Meetings (MOM)'!$A$2:$A$201,0)),"")) -> Head Office | E2: Implement XLSX export endpoint and service integration | F2: Amit Shah | G2: Harmish (Lead) | H2: High | I2: 46274.438 | J2: 46277 | L2: Not Started | M2: 0 | N2: 46269 | O2: =IF(OR($A2="",IF($K2="",$J2,$K2)=""),"",IF($L2="Completed",IF($N2="","",$N2-IF($K2="",$J2,$K2)),IF($L2="Cancelled","",TODAY()-IF($K2="",$J2,$K2)))) -> -1 | Q2: =IF($A2="","",IF(OR($L2="Completed",$L2="Cancelled"),"Closed",IF(IF($K2="",$J2,$K2)="","Set deadline",IF(TODAY()>IF($K2="",$J2,$K2),"OVERDUE - Escalate",IF(IF($K2="",$J2,$K2)-TODAY()<=3,"Send Reminder","On Track"))))) -> Closed | R2: Circulated on mail | S2: =IF($B2="","",$B2&"-"&COUNTIFS($B$2:$B2,$B2)) -> MOM-001-1 | T2: =IF($A2="",0,IF(OR($L2="Completed",$L2="Cancelled"),0,IF(IF($K2="",$J2,$K2)="",0,IF(TODAY()>IF($K2="",$J2,$K2),1,0)))) -> 0
A3: T-002 | B3: MOM-678 | C3: =IF($B3="","",IFERROR(INDEX('Meetings (MOM)'!$B$2:$B$201,MATCH($B3,'Meetings (MOM)'!$A$2:$A$201,0)),"")) -> 46266 | D3: =IF($B3="","",IFERROR(INDEX('Meetings (MOM)'!$C$2:$C$201,MATCH($B3,'Meetings (MOM)'!$A$2:$A$201,0)),"")) -> Head Office | E3: Add Excel (.xlsx) export button in Flutter mobile interface | F3: Priya Patel | G3: Harmish (Lead) | H3: High | I3: 46274.438 | J3: 46279 | L3: Not Started | M3: 0 | O3: =IF(OR($A3="",IF($K3="",$J3,$K3)=""),"",IF($L3="Completed",IF($N3="","",$N3-IF($K3="",$J3,$K3)),IF($L3="Cancelled","",TODAY()-IF($K3="",$J3,$K3)))) -> 0 | P3: Awaiting data from other dept. | Q3: =IF($A3="","",IF(OR($L3="Completed",$L3="Cancelled"),"Closed",IF(IF($K3="",$J3,$K3)="","Set deadline",IF(TODAY()>IF($K3="",$J3,$K3),"OVERDUE - Escalate",IF(IF($K3="",$J3,$K3)-TODAY()<=3,"Send Reminder","On Track"))))) -> Send Reminder | R3: Draft ready, figures pending | S3: =IF($B3="","",$B3&"-"&COUNTIFS($B$2:$B3,$B3)) -> MOM-001-2 | T3: =IF($A3="",0,IF(OR($L3="Completed",$L3="Cancelled"),0,IF(IF($K3="",$J3,$K3)="",0,IF(TODAY()>IF($K3="",$J3,$K3),1,0)))) -> 0
A4: T-003 | B4: MOM-678 | C4: =IF($B4="","",IFERROR(INDEX('Meetings (MOM)'!$B$2:$B$201,MATCH($B4,'Meetings (MOM)'!$A$2:$A$201,0)),"")) -> 46266 | D4: =IF($B4="","",IFERROR(INDEX('Meetings (MOM)'!$C$2:$C$201,MATCH($B4,'Meetings (MOM)'!$A$2:$A$201,0)),"")) -> Head Office | E4: Execute end-to-end testing of generated spreadsheet with formulas | F4: Rahul Mehta | G4: Harmish (Lead) | H4: Medium | I4: 46274.438 | J4: 46280 | L4: Not Started | M4: 0 | O4: =IF(OR($A4="",IF($K4="",$J4,$K4)=""),"",IF($L4="Completed",IF($N4="","",$N4-IF($K4="",$J4,$K4)),IF($L4="Cancelled","",TODAY()-IF($K4="",$J4,$K4)))) -> -12 | Q4: =IF($A4="","",IF(OR($L4="Completed",$L4="Cancelled"),"Closed",IF(IF($K4="",$J4,$K4)="","Set deadline",IF(TODAY()>IF($K4="",$J4,$K4),"OVERDUE - Escalate",IF(IF($K4="",$J4,$K4)-TODAY()<=3,"Send Reminder","On Track"))))) -> On Track | S4: =IF($B4="","",$B4&"-"&COUNTIFS($B$2:$B4,$B4)) -> MOM-001-3 | T4: =IF($A4="",0,IF(OR($L4="Completed",$L4="Cancelled"),0,IF(IF($K4="",$J4,$K4)="",0,IF(TODAY()>IF($K4="",$J4,$K4),1,0)))) -> 0
C5: =IF($B5="","",IFERROR(INDEX('Meetings (MOM)'!$B$2:$B$201,MATCH($B5,'Meetings (MOM)'!$A$2:$A$201,0)),"")) | D5: =IF($B5="","",IFERROR(INDEX('Meetings (MOM)'!$C$2:$C$201,MATCH($B5,'Meetings (MOM)'!$A$2:$A$201,0)),"")) | O5: =IF(OR($A5="",IF($K5="",$J5,$K5)=""),"",IF($L5="Completed",IF($N5="","",$N5-IF($K5="",$J5,$K5)),IF($L5="Cancelled","",TODAY()-IF($K5="",$J5,$K5)))) | Q5: =IF($A5="","",IF(OR($L5="Completed",$L5="Cancelled"),"Closed",IF(IF($K5="",$J5,$K5)="","Set deadline",IF(TODAY()>IF($K5="",$J5,$K5),"OVERDUE - Escalate",IF(IF($K5="",$J5,$K5)-TODAY()<=3,"Send Reminder","On Track"))))) | S5: =IF($B5="","",$B5&"-"&COUNTIFS($B$2:$B5,$B5)) | T5: =IF($A5="",0,IF(OR($L5="Completed",$L5="Cancelled"),0,IF(IF($K5="",$J5,$K5)="",0,IF(TODAY()>IF($K5="",$J5,$K5),1,0)))) -> 0
C6: =IF($B6="","",IFERROR(INDEX('Meetings (MOM)'!$B$2:$B$201,MATCH($B6,'Meetings (MOM)'!$A$2:$A$201,0)),"")) | D6: =IF($B6="","",IFERROR(INDEX('Meetings (MOM)'!$C$2:$C$201,MATCH($B6,'Meetings (MOM)'!$A$2:$A$201,0)),"")) | O6: =IF(OR($A6="",IF($K6="",$J6,$K6)=""),"",IF($L6="Completed",IF($N6="","",$N6-IF($K6="",$J6,$K6)),IF($L6="Cancelled","",TODAY()-IF($K6="",$J6,$K6)))) | Q6: =IF($A6="","",IF(OR($L6="Completed",$L6="Cancelled"),"Closed",IF(IF($K6="",$J6,$K6)="","Set deadline",IF(TODAY()>IF($K6="",$J6,$K6),"OVERDUE - Escalate",IF(IF($K6="",$J6,$K6)-TODAY()<=3,"Send Reminder","On Track"))))) | S6: =IF($B6="","",$B6&"-"&COUNTIFS($B$2:$B6,$B6)) | T6: =IF($A6="",0,IF(OR($L6="Completed",$L6="Cancelled"),0,IF(IF($K6="",$J6,$K6)="",0,IF(TODAY()>IF($K6="",$J6,$K6),1,0)))) -> 0
C7: =IF($B7="","",IFERROR(INDEX('Meetings (MOM)'!$B$2:$B$201,MATCH($B7,'Meetings (MOM)'!$A$2:$A$201,0)),"")) | D7: =IF($B7="","",IFERROR(INDEX('Meetings (MOM)'!$C$2:$C$201,MATCH($B7,'Meetings (MOM)'!$A$2:$A$201,0)),"")) | O7: =IF(OR($A7="",IF($K7="",$J7,$K7)=""),"",IF($L7="Completed",IF($N7="","",$N7-IF($K7="",$J7,$K7)),IF($L7="Cancelled","",TODAY()-IF($K7="",$J7,$K7)))) | Q7: =IF($A7="","",IF(OR($L7="Completed",$L7="Cancelled"),"Closed",IF(IF($K7="",$J7,$K7)="","Set deadline",IF(TODAY()>IF($K7="",$J7,$K7),"OVERDUE - Escalate",IF(IF($K7="",$J7,$K7)-TODAY()<=3,"Send Reminder","On Track"))))) | S7: =IF($B7="","",$B7&"-"&COUNTIFS($B$2:$B7,$B7)) | T7: =IF($A7="",0,IF(OR($L7="Completed",$L7="Cancelled"),0,IF(IF($K7="",$J7,$K7)="",0,IF(TODAY()>IF($K7="",$J7,$K7),1,0)))) -> 0
C8: =IF($B8="","",IFERROR(INDEX('Meetings (MOM)'!$B$2:$B$201,MATCH($B8,'Meetings (MOM)'!$A$2:$A$201,0)),"")) | D8: =IF($B8="","",IFERROR(INDEX('Meetings (MOM)'!$C$2:$C$201,MATCH($B8,'Meetings (MOM)'!$A$2:$A$201,0)),"")) | O8: =IF(OR($A8="",IF($K8="",$J8,$K8)=""),"",IF($L8="Completed",IF($N8="","",$N8-IF($K8="",$J8,$K8)),IF($L8="Cancelled","",TODAY()-IF($K8="",$J8,$K8)))) | Q8: =IF($A8="","",IF(OR($L8="Completed",$L8="Cancelled"),"Closed",IF(IF($K8="",$J8,$K8)="","Set deadline",IF(TODAY()>IF($K8="",$J8,$K8),"OVERDUE - Escalate",IF(IF($K8="",$J8,$K8)-TODAY()<=3,"Send Reminder","On Track"))))) | S8: =IF($B8="","",$B8&"-"&COUNTIFS($B$2:$B8,$B8)) | T8: =IF($A8="",0,IF(OR($L8="Completed",$L8="Cancelled"),0,IF(IF($K8="",$J8,$K8)="",0,IF(TODAY()>IF($K8="",$J8,$K8),1,0)))) -> 0
C9: =IF($B9="","",IFERROR(INDEX('Meetings (MOM)'!$B$2:$B$201,MATCH($B9,'Meetings (MOM)'!$A$2:$A$201,0)),"")) | D9: =IF($B9="","",IFERROR(INDEX('Meetings (MOM)'!$C$2:$C$201,MATCH($B9,'Meetings (MOM)'!$A$2:$A$201,0)),"")) | O9: =IF(OR($A9="",IF($K9="",$J9,$K9)=""),"",IF($L9="Completed",IF($N9="","",$N9-IF($K9="",$J9,$K9)),IF($L9="Cancelled","",TODAY()-IF($K9="",$J9,$K9)))) | Q9: =IF($A9="","",IF(OR($L9="Completed",$L9="Cancelled"),"Closed",IF(IF($K9="",$J9,$K9)="","Set deadline",IF(TODAY()>IF($K9="",$J9,$K9),"OVERDUE - Escalate",IF(IF($K9="",$J9,$K9)-TODAY()<=3,"Send Reminder","On Track"))))) | S9: =IF($B9="","",$B9&"-"&COUNTIFS($B$2:$B9,$B9)) | T9: =IF($A9="",0,IF(OR($L9="Completed",$L9="Cancelled"),0,IF(IF($K9="",$J9,$K9)="",0,IF(TODAY()>IF($K9="",$J9,$K9),1,0)))) -> 0
C10: =IF($B10="","",IFERROR(INDEX('Meetings (MOM)'!$B$2:$B$201,MATCH($B10,'Meetings (MOM)'!$A$2:$A$201,0)),"")) | D10: =IF($B10="","",IFERROR(INDEX('Meetings (MOM)'!$C$2:$C$201,MATCH($B10,'Meetings (MOM)'!$A$2:$A$201,0)),"")) | O10: =IF(OR($A10="",IF($K10="",$J10,$K10)=""),"",IF($L10="Completed",IF($N10="","",$N10-IF($K10="",$J10,$K10)),IF($L10="Cancelled","",TODAY()-IF($K10="",$J10,$K10)))) | Q10: =IF($A10="","",IF(OR($L10="Completed",$L10="Cancelled"),"Closed",IF(IF($K10="",$J10,$K10)="","Set deadline",IF(TODAY()>IF($K10="",$J10,$K10),"OVERDUE - Escalate",IF(IF($K10="",$J10,$K10)-TODAY()<=3,"Send Reminder","On Track"))))) | S10: =IF($B10="","",$B10&"-"&COUNTIFS($B$2:$B10,$B10)) | T10: =IF($A10="",0,IF(OR($L10="Completed",$L10="Cancelled"),0,IF(IF($K10="",$J10,$K10)="",0,IF(TODAY()>IF($K10="",$J10,$K10),1,0)))) -> 0
C11: =IF($B11="","",IFERROR(INDEX('Meetings (MOM)'!$B$2:$B$201,MATCH($B11,'Meetings (MOM)'!$A$2:$A$201,0)),"")) | D11: =IF($B11="","",IFERROR(INDEX('Meetings (MOM)'!$C$2:$C$201,MATCH($B11,'Meetings (MOM)'!$A$2:$A$201,0)),"")) | O11: =IF(OR($A11="",IF($K11="",$J11,$K11)=""),"",IF($L11="Completed",IF($N11="","",$N11-IF($K11="",$J11,$K11)),IF($L11="Cancelled","",TODAY()-IF($K11="",$J11,$K11)))) | Q11: =IF($A11="","",IF(OR($L11="Completed",$L11="Cancelled"),"Closed",IF(IF($K11="",$J11,$K11)="","Set deadline",IF(TODAY()>IF($K11="",$J11,$K11),"OVERDUE - Escalate",IF(IF($K11="",$J11,$K11)-TODAY()<=3,"Send Reminder","On Track"))))) | S11: =IF($B11="","",$B11&"-"&COUNTIFS($B$2:$B11,$B11)) | T11: =IF($A11="",0,IF(OR($L11="Completed",$L11="Cancelled"),0,IF(IF($K11="",$J11,$K11)="",0,IF(TODAY()>IF($K11="",$J11,$K11),1,0)))) -> 0
C12: =IF($B12="","",IFERROR(INDEX('Meetings (MOM)'!$B$2:$B$201,MATCH($B12,'Meetings (MOM)'!$A$2:$A$201,0)),"")) | D12: =IF($B12="","",IFERROR(INDEX('Meetings (MOM)'!$C$2:$C$201,MATCH($B12,'Meetings (MOM)'!$A$2:$A$201,0)),"")) | O12: =IF(OR($A12="",IF($K12="",$J12,$K12)=""),"",IF($L12="Completed",IF($N12="","",$N12-IF($K12="",$J12,$K12)),IF($L12="Cancelled","",TODAY()-IF($K12="",$J12,$K12)))) | Q12: =IF($A12="","",IF(OR($L12="Completed",$L12="Cancelled"),"Closed",IF(IF($K12="",$J12,$K12)="","Set deadline",IF(TODAY()>IF($K12="",$J12,$K12),"OVERDUE - Escalate",IF(IF($K12="",$J12,$K12)-TODAY()<=3,"Send Reminder","On Track"))))) | S12: =IF($B12="","",$B12&"-"&COUNTIFS($B$2:$B12,$B12)) | T12: =IF($A12="",0,IF(OR($L12="Completed",$L12="Cancelled"),0,IF(IF($K12="",$J12,$K12)="",0,IF(TODAY()>IF($K12="",$J12,$K12),1,0)))) -> 0
C13: =IF($B13="","",IFERROR(INDEX('Meetings (MOM)'!$B$2:$B$201,MATCH($B13,'Meetings (MOM)'!$A$2:$A$201,0)),"")) | D13: =IF($B13="","",IFERROR(INDEX('Meetings (MOM)'!$C$2:$C$201,MATCH($B13,'Meetings (MOM)'!$A$2:$A$201,0)),"")) | O13: =IF(OR($A13="",IF($K13="",$J13,$K13)=""),"",IF($L13="Completed",IF($N13="","",$N13-IF($K13="",$J13,$K13)),IF($L13="Cancelled","",TODAY()-IF($K13="",$J13,$K13)))) | Q13: =IF($A13="","",IF(OR($L13="Completed",$L13="Cancelled"),"Closed",IF(IF($K13="",$J13,$K13)="","Set deadline",IF(TODAY()>IF($K13="",$J13,$K13),"OVERDUE - Escalate",IF(IF($K13="",$J13,$K13)-TODAY()<=3,"Send Reminder","On Track"))))) | S13: =IF($B13="","",$B13&"-"&COUNTIFS($B$2:$B13,$B13)) | T13: =IF($A13="",0,IF(OR($L13="Completed",$L13="Cancelled"),0,IF(IF($K13="",$J13,$K13)="",0,IF(TODAY()>IF($K13="",$J13,$K13),1,0)))) -> 0
C14: =IF($B14="","",IFERROR(INDEX('Meetings (MOM)'!$B$2:$B$201,MATCH($B14,'Meetings (MOM)'!$A$2:$A$201,0)),"")) | D14: =IF($B14="","",IFERROR(INDEX('Meetings (MOM)'!$C$2:$C$201,MATCH($B14,'Meetings (MOM)'!$A$2:$A$201,0)),"")) | O14: =IF(OR($A14="",IF($K14="",$J14,$K14)=""),"",IF($L14="Completed",IF($N14="","",$N14-IF($K14="",$J14,$K14)),IF($L14="Cancelled","",TODAY()-IF($K14="",$J14,$K14)))) | Q14: =IF($A14="","",IF(OR($L14="Completed",$L14="Cancelled"),"Closed",IF(IF($K14="",$J14,$K14)="","Set deadline",IF(TODAY()>IF($K14="",$J14,$K14),"OVERDUE - Escalate",IF(IF($K14="",$J14,$K14)-TODAY()<=3,"Send Reminder","On Track"))))) | S14: =IF($B14="","",$B14&"-"&COUNTIFS($B$2:$B14,$B14)) | T14: =IF($A14="",0,IF(OR($L14="Completed",$L14="Cancelled"),0,IF(IF($K14="",$J14,$K14)="",0,IF(TODAY()>IF($K14="",$J14,$K14),1,0)))) -> 0
C15: =IF($B15="","",IFERROR(INDEX('Meetings (MOM)'!$B$2:$B$201,MATCH($B15,'Meetings (MOM)'!$A$2:$A$201,0)),"")) | D15: =IF($B15="","",IFERROR(INDEX('Meetings (MOM)'!$C$2:$C$201,MATCH($B15,'Meetings (MOM)'!$A$2:$A$201,0)),"")) | O15: =IF(OR($A15="",IF($K15="",$J15,$K15)=""),"",IF($L15="Completed",IF($N15="","",$N15-IF($K15="",$J15,$K15)),IF($L15="Cancelled","",TODAY()-IF($K15="",$J15,$K15)))) | Q15: =IF($A15="","",IF(OR($L15="Completed",$L15="Cancelled"),"Closed",IF(IF($K15="",$J15,$K15)="","Set deadline",IF(TODAY()>IF($K15="",$J15,$K15),"OVERDUE - Escalate",IF(IF($K15="",$J15,$K15)-TODAY()<=3,"Send Reminder","On Track"))))) | S15: =IF($B15="","",$B15&"-"&COUNTIFS($B$2:$B15,$B15)) | T15: =IF($A15="",0,IF(OR($L15="Completed",$L15="Cancelled"),0,IF(IF($K15="",$J15,$K15)="",0,IF(TODAY()>IF($K15="",$J15,$K15),1,0)))) -> 0
C16: =IF($B16="","",IFERROR(INDEX('Meetings (MOM)'!$B$2:$B$201,MATCH($B16,'Meetings (MOM)'!$A$2:$A$201,0)),"")) | D16: =IF($B16="","",IFERROR(INDEX('Meetings (MOM)'!$C$2:$C$201,MATCH($B16,'Meetings (MOM)'!$A$2:$A$201,0)),"")) | O16: =IF(OR($A16="",IF($K16="",$J16,$K16)=""),"",IF($L16="Completed",IF($N16="","",$N16-IF($K16="",$J16,$K16)),IF($L16="Cancelled","",TODAY()-IF($K16="",$J16,$K16)))) | Q16: =IF($A16="","",IF(OR($L16="Completed",$L16="Cancelled"),"Closed",IF(IF($K16="",$J16,$K16)="","Set deadline",IF(TODAY()>IF($K16="",$J16,$K16),"OVERDUE - Escalate",IF(IF($K16="",$J16,$K16)-TODAY()<=3,"Send Reminder","On Track"))))) | S16: =IF($B16="","",$B16&"-"&COUNTIFS($B$2:$B16,$B16)) | T16: =IF($A16="",0,IF(OR($L16="Completed",$L16="Cancelled"),0,IF(IF($K16="",$J16,$K16)="",0,IF(TODAY()>IF($K16="",$J16,$K16),1,0)))) -> 0
... C501: =IF($B501="","",IFERROR(INDEX('Meetings (MOM)'!$B$2:$B$201,MATCH($B501,'Meetings (MOM)'!$A$2:$A$201,0)),"")) | D501: =IF($B501="","",IFERROR(INDEX('Meetings (MOM)'!$C$2:$C$201,MATCH($B501,'Meetings (MOM)'!$A$2:$A$201,0)),"")) | O501: =IF(OR($A501="",IF($K501="",$J501,$K501)=""),"",IF($L501="Completed",IF($N501="","",$N501-IF($K501="",$J501,$K501)),IF($L501="Cancelled","",TODAY()-IF($K501="",$J501,$K501)))) | Q501: =IF($A501="","",IF(OR($L501="Completed",$L501="Cancelled"),"Closed",IF(IF($K501="",$J501,$K501)="","Set deadline",IF(TODAY()>IF($K501="",$J501,$K501),"OVERDUE - Escalate",IF(IF($K501="",$J501,$K501)-TODAY()<=3,"Send Reminder","On Track"))))) | S501: =IF($B501="","",$B501&"-"&COUNTIFS($B$2:$B501,$B501)) | T501: =IF($A501="",0,IF(OR($L501="Completed",$L501="Cancelled"),0,IF(IF($K501="",$J501,$K501)="",0,IF(TODAY()>IF($K501="",$J501,$K501),1,0)))) -> 0

Sheet MOM Print
B2: MINUTES OF MEETING
B4: Enter MOM ID: | C4: MOM-678 | D4: <-- type / pick the MOM ID here, everything below fills in automatically
B6: Meeting Date | C6: =IFERROR(INDEX('Meetings (MOM)'!$B$2:$B$201,MATCH($C$4,'Meetings (MOM)'!$A$2:$A$201,0)),"") -> 46266 | D6: Branch / Location | E6: =IFERROR(INDEX('Meetings (MOM)'!$C$2:$C$201,MATCH($C$4,'Meetings (MOM)'!$A$2:$A$201,0)),"") -> Head Office
B7: Meeting Title | C7: =IFERROR(INDEX('Meetings (MOM)'!$D$2:$D$201,MATCH($C$4,'Meetings (MOM)'!$A$2:$A$201,0)),"") -> Monthly Business Review - Aug 2026 | D7: Meeting Type | E7: =IFERROR(INDEX('Meetings (MOM)'!$E$2:$E$201,MATCH($C$4,'Meetings (MOM)'!$A$2:$A$201,0)),"") -> Monthly Review
B8: Venue / Mode | C8: =IFERROR(INDEX('Meetings (MOM)'!$F$2:$F$201,MATCH($C$4,'Meetings (MOM)'!$A$2:$A$201,0)),"") -> Conference Room / Zoom | D8: Next Meeting Date | E8: =IFERROR(INDEX('Meetings (MOM)'!$P$2:$P$201,MATCH($C$4,'Meetings (MOM)'!$A$2:$A$201,0)),"") -> 46296
B9: Start Time | C9: =IFERROR(INDEX('Meetings (MOM)'!$G$2:$G$201,MATCH($C$4,'Meetings (MOM)'!$A$2:$A$201,0)),"") -> 11:00 AM | D9: End Time | E9: =IFERROR(INDEX('Meetings (MOM)'!$H$2:$H$201,MATCH($C$4,'Meetings (MOM)'!$A$2:$A$201,0)),"") -> 12:30 PM
B10: Meeting Lead By | C10: =IFERROR(INDEX('Meetings (MOM)'!$I$2:$I$201,MATCH($C$4,'Meetings (MOM)'!$A$2:$A$201,0)),"") -> Mr. Director | D10: MOM Prepared By | E10: =IFERROR(INDEX('Meetings (MOM)'!$J$2:$J$201,MATCH($C$4,'Meetings (MOM)'!$A$2:$A$201,0)),"") -> EA to Director
B12: ATTENDEES PRESENT
B13: =IFERROR(INDEX('Meetings (MOM)'!$K$2:$K$201,MATCH($C$4,'Meetings (MOM)'!$A$2:$A$201,0)),"") -> Mr. A. Shah, Ms. P. Patel, Mr. R. Mehta
B14: ABSENT / REGRETS
B15: =IFERROR(INDEX('Meetings (MOM)'!$L$2:$L$201,MATCH($C$4,'Meetings (MOM)'!$A$2:$A$201,0)),"") -> Mr. K. Joshi (on leave)
B16: AGENDA POINTS
B17: =IFERROR(INDEX('Meetings (MOM)'!$M$2:$M$201,MATCH($C$4,'Meetings (MOM)'!$A$2:$A$201,0)),"") -> 1. Aug sales review 2. Pending receivables 3. New branch proposal
B19: DISCUSSION SUMMARY
B20: =IFERROR(INDEX('Meetings (MOM)'!$N$2:$N$201,MATCH($C$4,'Meetings (MOM)'!$A$2:$A$201,0)),"") -> Aug sales closed at 92% of target; shortfall mainly from Surat branch. Receivables above 90 days discussed - Accounts to share ageing report. Director approved in-principle survey for the new branch.
B23: KEY DECISIONS TAKEN
B24: =IFERROR(INDEX('Meetings (MOM)'!$O$2:$O$201,MATCH($C$4,'Meetings (MOM)'!$A$2:$A$201,0)),"") -> Surat branch to submit recovery plan; ageing report to be circulated weekly.
B26: ACTION POINTS / TASK LIST
B27: Task ID | C27: Task / Action Point | D27: Responsible Person | E27: Following Person | F27: Priority | G27: Deadline | H27: Status | I27: Completion
B28: =IFERROR(INDEX(Tasks!$A$2:$A$501,MATCH($C$4&"-"&1,Tasks!$S$2:$S$501,0)),"") -> T-001 | C28: =IFERROR(INDEX(Tasks!$E$2:$E$501,MATCH($C$4&"-"&1,Tasks!$S$2:$S$501,0)),"") -> Share 90+ days receivable ageing report with Director | D28: =IFERROR(INDEX(Tasks!$F$2:$F$501,MATCH($C$4&"-"&1,Tasks!$S$2:$S$501,0)),"") -> Ms. P. Patel | E28: =IFERROR(INDEX(Tasks!$G$2:$G$501,MATCH($C$4&"-"&1,Tasks!$S$2:$S$501,0)),"") -> EA to Director | F28: =IFERROR(INDEX(Tasks!$H$2:$H$501,MATCH($C$4&"-"&1,Tasks!$S$2:$S$501,0)),"") -> High | G28: =IFERROR(IF(INDEX(Tasks!$K$2:$K$501,MATCH($C$4&"-"&1,Tasks!$S$2:$S$501,0))="",INDEX(Tasks!$J$2:$J$501,MATCH($C$4&"-"&1,Tasks!$S$2:$S$501,0)),INDEX(Tasks!$K$2:$K$501,MATCH($C$4&"-"&1,Tasks!$S$2:$S$501,0))),"") -> 46270 | H28: =IFERROR(INDEX(Tasks!$L$2:$L$501,MATCH($C$4&"-"&1,Tasks!$S$2:$S$501,0)),"") -> Completed | I28: =IFERROR(INDEX(Tasks!$M$2:$M$501,MATCH($C$4&"-"&1,Tasks!$S$2:$S$501,0)),"") -> 1
B29: =IFERROR(INDEX(Tasks!$A$2:$A$501,MATCH($C$4&"-"&2,Tasks!$S$2:$S$501,0)),"") -> T-002 | C29: =IFERROR(INDEX(Tasks!$E$2:$E$501,MATCH($C$4&"-"&2,Tasks!$S$2:$S$501,0)),"") -> Submit Surat branch sales recovery plan | D29: =IFERROR(INDEX(Tasks!$F$2:$F$501,MATCH($C$4&"-"&2,Tasks!$S$2:$S$501,0)),"") -> Mr. R. Mehta | E29: =IFERROR(INDEX(Tasks!$G$2:$G$501,MATCH($C$4&"-"&2,Tasks!$S$2:$S$501,0)),"") -> Mr. A. Shah | F29: =IFERROR(INDEX(Tasks!$H$2:$H$501,MATCH($C$4&"-"&2,Tasks!$S$2:$S$501,0)),"") -> High | G29: =IFERROR(IF(INDEX(Tasks!$K$2:$K$501,MATCH($C$4&"-"&2,Tasks!$S$2:$S$501,0))="",INDEX(Tasks!$J$2:$J$501,MATCH($C$4&"-"&2,Tasks!$S$2:$S$501,0)),INDEX(Tasks!$K$2:$K$501,MATCH($C$4&"-"&2,Tasks!$S$2:$S$501,0))),"") -> 46273 | H29: =IFERROR(INDEX(Tasks!$L$2:$L$501,MATCH($C$4&"-"&2,Tasks!$S$2:$S$501,0)),"") -> In Progress | I29: =IFERROR(INDEX(Tasks!$M$2:$M$501,MATCH($C$4&"-"&2,Tasks!$S$2:$S$501,0)),"") -> 0.6
B30: =IFERROR(INDEX(Tasks!$A$2:$A$501,MATCH($C$4&"-"&3,Tasks!$S$2:$S$501,0)),"") -> T-003 | C30: =IFERROR(INDEX(Tasks!$E$2:$E$501,MATCH($C$4&"-"&3,Tasks!$S$2:$S$501,0)),"") -> Site survey report for proposed new branch | D30: =IFERROR(INDEX(Tasks!$F$2:$F$501,MATCH($C$4&"-"&3,Tasks!$S$2:$S$501,0)),"") -> Mr. K. Joshi | E30: =IFERROR(INDEX(Tasks!$G$2:$G$501,MATCH($C$4&"-"&3,Tasks!$S$2:$S$501,0)),"") -> EA to Director | F30: =IFERROR(INDEX(Tasks!$H$2:$H$501,MATCH($C$4&"-"&3,Tasks!$S$2:$S$501,0)),"") -> Medium | G30: =IFERROR(IF(INDEX(Tasks!$K$2:$K$501,MATCH($C$4&"-"&3,Tasks!$S$2:$S$501,0))="",INDEX(Tasks!$J$2:$J$501,MATCH($C$4&"-"&3,Tasks!$S$2:$S$501,0)),INDEX(Tasks!$K$2:$K$501,MATCH($C$4&"-"&3,Tasks!$S$2:$S$501,0))),"") -> 46285 | H30: =IFERROR(INDEX(Tasks!$L$2:$L$501,MATCH($C$4&"-"&3,Tasks!$S$2:$S$501,0)),"") -> Not Started | I30: =IFERROR(INDEX(Tasks!$M$2:$M$501,MATCH($C$4&"-"&3,Tasks!$S$2:$S$501,0)),"") -> 0
B31: =IFERROR(INDEX(Tasks!$A$2:$A$501,MATCH($C$4&"-"&4,Tasks!$S$2:$S$501,0)),"") | C31: =IFERROR(INDEX(Tasks!$E$2:$E$501,MATCH($C$4&"-"&4,Tasks!$S$2:$S$501,0)),"") | D31: =IFERROR(INDEX(Tasks!$F$2:$F$501,MATCH($C$4&"-"&4,Tasks!$S$2:$S$501,0)),"") | E31: =IFERROR(INDEX(Tasks!$G$2:$G$501,MATCH($C$4&"-"&4,Tasks!$S$2:$S$501,0)),"") | F31: =IFERROR(INDEX(Tasks!$H$2:$H$501,MATCH($C$4&"-"&4,Tasks!$S$2:$S$501,0)),"") | G31: =IFERROR(IF(INDEX(Tasks!$K$2:$K$501,MATCH($C$4&"-"&4,Tasks!$S$2:$S$501,0))="",INDEX(Tasks!$J$2:$J$501,MATCH($C$4&"-"&4,Tasks!$S$2:$S$501,0)),INDEX(Tasks!$K$2:$K$501,MATCH($C$4&"-"&4,Tasks!$S$2:$S$501,0))),"") | H31: =IFERROR(INDEX(Tasks!$L$2:$L$501,MATCH($C$4&"-"&4,Tasks!$S$2:$S$501,0)),"") | I31: =IFERROR(INDEX(Tasks!$M$2:$M$501,MATCH($C$4&"-"&4,Tasks!$S$2:$S$501,0)),"")
B32: =IFERROR(INDEX(Tasks!$A$2:$A$501,MATCH($C$4&"-"&5,Tasks!$S$2:$S$501,0)),"") | C32: =IFERROR(INDEX(Tasks!$E$2:$E$501,MATCH($C$4&"-"&5,Tasks!$S$2:$S$501,0)),"") | D32: =IFERROR(INDEX(Tasks!$F$2:$F$501,MATCH($C$4&"-"&5,Tasks!$S$2:$S$501,0)),"") | E32: =IFERROR(INDEX(Tasks!$G$2:$G$501,MATCH($C$4&"-"&5,Tasks!$S$2:$S$501,0)),"") | F32: =IFERROR(INDEX(Tasks!$H$2:$H$501,MATCH($C$4&"-"&5,Tasks!$S$2:$S$501,0)),"") | G32: =IFERROR(IF(INDEX(Tasks!$K$2:$K$501,MATCH($C$4&"-"&5,Tasks!$S$2:$S$501,0))="",INDEX(Tasks!$J$2:$J$501,MATCH($C$4&"-"&5,Tasks!$S$2:$S$501,0)),INDEX(Tasks!$K$2:$K$501,MATCH($C$4&"-"&5,Tasks!$S$2:$S$501,0))),"") | H32: =IFERROR(INDEX(Tasks!$L$2:$L$501,MATCH($C$4&"-"&5,Tasks!$S$2:$S$501,0)),"") | I32: =IFERROR(INDEX(Tasks!$M$2:$M$501,MATCH($C$4&"-"&5,Tasks!$S$2:$S$501,0)),"")
B33: =IFERROR(INDEX(Tasks!$A$2:$A$501,MATCH($C$4&"-"&6,Tasks!$S$2:$S$501,0)),"") | C33: =IFERROR(INDEX(Tasks!$E$2:$E$501,MATCH($C$4&"-"&6,Tasks!$S$2:$S$501,0)),"") | D33: =IFERROR(INDEX(Tasks!$F$2:$F$501,MATCH($C$4&"-"&6,Tasks!$S$2:$S$501,0)),"") | E33: =IFERROR(INDEX(Tasks!$G$2:$G$501,MATCH($C$4&"-"&6,Tasks!$S$2:$S$501,0)),"") | F33: =IFERROR(INDEX(Tasks!$H$2:$H$501,MATCH($C$4&"-"&6,Tasks!$S$2:$S$501,0)),"") | G33: =IFERROR(IF(INDEX(Tasks!$K$2:$K$501,MATCH($C$4&"-"&6,Tasks!$S$2:$S$501,0))="",INDEX(Tasks!$J$2:$J$501,MATCH($C$4&"-"&6,Tasks!$S$2:$S$501,0)),INDEX(Tasks!$K$2:$K$501,MATCH($C$4&"-"&6,Tasks!$S$2:$S$501,0))),"") | H33: =IFERROR(INDEX(Tasks!$L$2:$L$501,MATCH($C$4&"-"&6,Tasks!$S$2:$S$501,0)),"") | I33: =IFERROR(INDEX(Tasks!$M$2:$M$501,MATCH($C$4&"-"&6,Tasks!$S$2:$S$501,0)),"")
B34: =IFERROR(INDEX(Tasks!$A$2:$A$501,MATCH($C$4&"-"&7,Tasks!$S$2:$S$501,0)),"") | C34: =IFERROR(INDEX(Tasks!$E$2:$E$501,MATCH($C$4&"-"&7,Tasks!$S$2:$S$501,0)),"") | D34: =IFERROR(INDEX(Tasks!$F$2:$F$501,MATCH($C$4&"-"&7,Tasks!$S$2:$S$501,0)),"") | E34: =IFERROR(INDEX(Tasks!$G$2:$G$501,MATCH($C$4&"-"&7,Tasks!$S$2:$S$501,0)),"") | F34: =IFERROR(INDEX(Tasks!$H$2:$H$501,MATCH($C$4&"-"&7,Tasks!$S$2:$S$501,0)),"") | G34: =IFERROR(IF(INDEX(Tasks!$K$2:$K$501,MATCH($C$4&"-"&7,Tasks!$S$2:$S$501,0))="",INDEX(Tasks!$J$2:$J$501,MATCH($C$4&"-"&7,Tasks!$S$2:$S$501,0)),INDEX(Tasks!$K$2:$K$501,MATCH($C$4&"-"&7,Tasks!$S$2:$S$501,0))),"") | H34: =IFERROR(INDEX(Tasks!$L$2:$L$501,MATCH($C$4&"-"&7,Tasks!$S$2:$S$501,0)),"") | I34: =IFERROR(INDEX(Tasks!$M$2:$M$501,MATCH($C$4&"-"&7,Tasks!$S$2:$S$501,0)),"")
B35: =IFERROR(INDEX(Tasks!$A$2:$A$501,MATCH($C$4&"-"&8,Tasks!$S$2:$S$501,0)),"") | C35: =IFERROR(INDEX(Tasks!$E$2:$E$501,MATCH($C$4&"-"&8,Tasks!$S$2:$S$501,0)),"") | D35: =IFERROR(INDEX(Tasks!$F$2:$F$501,MATCH($C$4&"-"&8,Tasks!$S$2:$S$501,0)),"") | E35: =IFERROR(INDEX(Tasks!$G$2:$G$501,MATCH($C$4&"-"&8,Tasks!$S$2:$S$501,0)),"") | F35: =IFERROR(INDEX(Tasks!$H$2:$H$501,MATCH($C$4&"-"&8,Tasks!$S$2:$S$501,0)),"") | G35: =IFERROR(IF(INDEX(Tasks!$K$2:$K$501,MATCH($C$4&"-"&8,Tasks!$S$2:$S$501,0))="",INDEX(Tasks!$J$2:$J$501,MATCH($C$4&"-"&8,Tasks!$S$2:$S$501,0)),INDEX(Tasks!$K$2:$K$501,MATCH($C$4&"-"&8,Tasks!$S$2:$S$501,0))),"") | H35: =IFERROR(INDEX(Tasks!$L$2:$L$501,MATCH($C$4&"-"&8,Tasks!$S$2:$S$501,0)),"") | I35: =IFERROR(INDEX(Tasks!$M$2:$M$501,MATCH($C$4&"-"&8,Tasks!$S$2:$S$501,0)),"")
B36: =IFERROR(INDEX(Tasks!$A$2:$A$501,MATCH($C$4&"-"&9,Tasks!$S$2:$S$501,0)),"") | C36: =IFERROR(INDEX(Tasks!$E$2:$E$501,MATCH($C$4&"-"&9,Tasks!$S$2:$S$501,0)),"") | D36: =IFERROR(INDEX(Tasks!$F$2:$F$501,MATCH($C$4&"-"&9,Tasks!$S$2:$S$501,0)),"") | E36: =IFERROR(INDEX(Tasks!$G$2:$G$501,MATCH($C$4&"-"&9,Tasks!$S$2:$S$501,0)),"") | F36: =IFERROR(INDEX(Tasks!$H$2:$H$501,MATCH($C$4&"-"&9,Tasks!$S$2:$S$501,0)),"") | G36: =IFERROR(IF(INDEX(Tasks!$K$2:$K$501,MATCH($C$4&"-"&9,Tasks!$S$2:$S$501,0))="",INDEX(Tasks!$J$2:$J$501,MATCH($C$4&"-"&9,Tasks!$S$2:$S$501,0)),INDEX(Tasks!$K$2:$K$501,MATCH($C$4&"-"&9,Tasks!$S$2:$S$501,0))),"") | H36: =IFERROR(INDEX(Tasks!$L$2:$L$501,MATCH($C$4&"-"&9,Tasks!$S$2:$S$501,0)),"") | I36: =IFERROR(INDEX(Tasks!$M$2:$M$501,MATCH($C$4&"-"&9,Tasks!$S$2:$S$501,0)),"")
B37: =IFERROR(INDEX(Tasks!$A$2:$A$501,MATCH($C$4&"-"&10,Tasks!$S$2:$S$501,0)),"") | C37: =IFERROR(INDEX(Tasks!$E$2:$E$501,MATCH($C$4&"-"&10,Tasks!$S$2:$S$501,0)),"") | D37: =IFERROR(INDEX(Tasks!$F$2:$F$501,MATCH($C$4&"-"&10,Tasks!$S$2:$S$501,0)),"") | E37: =IFERROR(INDEX(Tasks!$G$2:$G$501,MATCH($C$4&"-"&10,Tasks!$S$2:$S$501,0)),"") | F37: =IFERROR(INDEX(Tasks!$H$2:$H$501,MATCH($C$4&"-"&10,Tasks!$S$2:$S$501,0)),"") | G37: =IFERROR(IF(INDEX(Tasks!$K$2:$K$501,MATCH($C$4&"-"&10,Tasks!$S$2:$S$501,0))="",INDEX(Tasks!$J$2:$J$501,MATCH($C$4&"-"&10,Tasks!$S$2:$S$501,0)),INDEX(Tasks!$K$2:$K$501,MATCH($C$4&"-"&10,Tasks!$S$2:$S$501,0))),"") | H37: =IFERROR(INDEX(Tasks!$L$2:$L$501,MATCH($C$4&"-"&10,Tasks!$S$2:$S$501,0)),"") | I37: =IFERROR(INDEX(Tasks!$M$2:$M$501,MATCH($C$4&"-"&10,Tasks!$S$2:$S$501,0)),"")
B38: =IFERROR(INDEX(Tasks!$A$2:$A$501,MATCH($C$4&"-"&11,Tasks!$S$2:$S$501,0)),"") | C38: =IFERROR(INDEX(Tasks!$E$2:$E$501,MATCH($C$4&"-"&11,Tasks!$S$2:$S$501,0)),"") | D38: =IFERROR(INDEX(Tasks!$F$2:$F$501,MATCH($C$4&"-"&11,Tasks!$S$2:$S$501,0)),"") | E38: =IFERROR(INDEX(Tasks!$G$2:$G$501,MATCH($C$4&"-"&11,Tasks!$S$2:$S$501,0)),"") | F38: =IFERROR(INDEX(Tasks!$H$2:$H$501,MATCH($C$4&"-"&11,Tasks!$S$2:$S$501,0)),"") | G38: =IFERROR(IF(INDEX(Tasks!$K$2:$K$501,MATCH($C$4&"-"&11,Tasks!$S$2:$S$501,0))="",INDEX(Tasks!$J$2:$J$501,MATCH($C$4&"-"&11,Tasks!$S$2:$S$501,0)),INDEX(Tasks!$K$2:$K$501,MATCH($C$4&"-"&11,Tasks!$S$2:$S$501,0))),"") | H38: =IFERROR(INDEX(Tasks!$L$2:$L$501,MATCH($C$4&"-"&11,Tasks!$S$2:$S$501,0)),"") | I38: =IFERROR(INDEX(Tasks!$M$2:$M$501,MATCH($C$4&"-"&11,Tasks!$S$2:$S$501,0)),"")
B39: =IFERROR(INDEX(Tasks!$A$2:$A$501,MATCH($C$4&"-"&12,Tasks!$S$2:$S$501,0)),"") | C39: =IFERROR(INDEX(Tasks!$E$2:$E$501,MATCH($C$4&"-"&12,Tasks!$S$2:$S$501,0)),"") | D39: =IFERROR(INDEX(Tasks!$F$2:$F$501,MATCH($C$4&"-"&12,Tasks!$S$2:$S$501,0)),"") | E39: =IFERROR(INDEX(Tasks!$G$2:$G$501,MATCH($C$4&"-"&12,Tasks!$S$2:$S$501,0)),"") | F39: =IFERROR(INDEX(Tasks!$H$2:$H$501,MATCH($C$4&"-"&12,Tasks!$S$2:$S$501,0)),"") | G39: =IFERROR(IF(INDEX(Tasks!$K$2:$K$501,MATCH($C$4&"-"&12,Tasks!$S$2:$S$501,0))="",INDEX(Tasks!$J$2:$J$501,MATCH($C$4&"-"&12,Tasks!$S$2:$S$501,0)),INDEX(Tasks!$K$2:$K$501,MATCH($C$4&"-"&12,Tasks!$S$2:$S$501,0))),"") | H39: =IFERROR(INDEX(Tasks!$L$2:$L$501,MATCH($C$4&"-"&12,Tasks!$S$2:$S$501,0)),"") | I39: =IFERROR(INDEX(Tasks!$M$2:$M$501,MATCH($C$4&"-"&12,Tasks!$S$2:$S$501,0)),"")
B40: =IFERROR(INDEX(Tasks!$A$2:$A$501,MATCH($C$4&"-"&13,Tasks!$S$2:$S$501,0)),"") | C40: =IFERROR(INDEX(Tasks!$E$2:$E$501,MATCH($C$4&"-"&13,Tasks!$S$2:$S$501,0)),"") | D40: =IFERROR(INDEX(Tasks!$F$2:$F$501,MATCH($C$4&"-"&13,Tasks!$S$2:$S$501,0)),"") | E40: =IFERROR(INDEX(Tasks!$G$2:$G$501,MATCH($C$4&"-"&13,Tasks!$S$2:$S$501,0)),"") | F40: =IFERROR(INDEX(Tasks!$H$2:$H$501,MATCH($C$4&"-"&13,Tasks!$S$2:$S$501,0)),"") | G40: =IFERROR(IF(INDEX(Tasks!$K$2:$K$501,MATCH($C$4&"-"&13,Tasks!$S$2:$S$501,0))="",INDEX(Tasks!$J$2:$J$501,MATCH($C$4&"-"&13,Tasks!$S$2:$S$501,0)),INDEX(Tasks!$K$2:$K$501,MATCH($C$4&"-"&13,Tasks!$S$2:$S$501,0))),"") | H40: =IFERROR(INDEX(Tasks!$L$2:$L$501,MATCH($C$4&"-"&13,Tasks!$S$2:$S$501,0)),"") | I40: =IFERROR(INDEX(Tasks!$M$2:$M$501,MATCH($C$4&"-"&13,Tasks!$S$2:$S$501,0)),"")
B41: =IFERROR(INDEX(Tasks!$A$2:$A$501,MATCH($C$4&"-"&14,Tasks!$S$2:$S$501,0)),"") | C41: =IFERROR(INDEX(Tasks!$E$2:$E$501,MATCH($C$4&"-"&14,Tasks!$S$2:$S$501,0)),"") | D41: =IFERROR(INDEX(Tasks!$F$2:$F$501,MATCH($C$4&"-"&14,Tasks!$S$2:$S$501,0)),"") | E41: =IFERROR(INDEX(Tasks!$G$2:$G$501,MATCH($C$4&"-"&14,Tasks!$S$2:$S$501,0)),"") | F41: =IFERROR(INDEX(Tasks!$H$2:$H$501,MATCH($C$4&"-"&14,Tasks!$S$2:$S$501,0)),"") | G41: =IFERROR(IF(INDEX(Tasks!$K$2:$K$501,MATCH($C$4&"-"&14,Tasks!$S$2:$S$501,0))="",INDEX(Tasks!$J$2:$J$501,MATCH($C$4&"-"&14,Tasks!$S$2:$S$501,0)),INDEX(Tasks!$K$2:$K$501,MATCH($C$4&"-"&14,Tasks!$S$2:$S$501,0))),"") | H41: =IFERROR(INDEX(Tasks!$L$2:$L$501,MATCH($C$4&"-"&14,Tasks!$S$2:$S$501,0)),"") | I41: =IFERROR(INDEX(Tasks!$M$2:$M$501,MATCH($C$4&"-"&14,Tasks!$S$2:$S$501,0)),"")
B42: =IFERROR(INDEX(Tasks!$A$2:$A$501,MATCH($C$4&"-"&15,Tasks!$S$2:$S$501,0)),"") | C42: =IFERROR(INDEX(Tasks!$E$2:$E$501,MATCH($C$4&"-"&15,Tasks!$S$2:$S$501,0)),"") | D42: =IFERROR(INDEX(Tasks!$F$2:$F$501,MATCH($C$4&"-"&15,Tasks!$S$2:$S$501,0)),"") | E42: =IFERROR(INDEX(Tasks!$G$2:$G$501,MATCH($C$4&"-"&15,Tasks!$S$2:$S$501,0)),"") | F42: =IFERROR(INDEX(Tasks!$H$2:$H$501,MATCH($C$4&"-"&15,Tasks!$S$2:$S$501,0)),"") | G42: =IFERROR(IF(INDEX(Tasks!$K$2:$K$501,MATCH($C$4&"-"&15,Tasks!$S$2:$S$501,0))="",INDEX(Tasks!$J$2:$J$501,MATCH($C$4&"-"&15,Tasks!$S$2:$S$501,0)),INDEX(Tasks!$K$2:$K$501,MATCH($C$4&"-"&15,Tasks!$S$2:$S$501,0))),"") | H42: =IFERROR(INDEX(Tasks!$L$2:$L$501,MATCH($C$4&"-"&15,Tasks!$S$2:$S$501,0)),"") | I42: =IFERROR(INDEX(Tasks!$M$2:$M$501,MATCH($C$4&"-"&15,Tasks!$S$2:$S$501,0)),"")
B44: Prepared by: | C44: =IFERROR(INDEX('Meetings (MOM)'!$J$2:$J$201,MATCH($C$4,'Meetings (MOM)'!$A$2:$A$201,0)),"") -> EA to Director | E44: Approved by: | F44: =IFERROR(INDEX('Meetings (MOM)'!$I$2:$I$201,MATCH($C$4,'Meetings (MOM)'!$A$2:$A$201,0)),"") -> Mr. Director
B46: Note: only the first 15 action points of a meeting are shown here. See the Tasks sheet for the complete list.
